{
    "body": {
        "ambient_color": {
            "a": 1.0,
            "b": 0.0,
            "g": 0.0,
            "r": 0.0
        },
        "diffuse_color": {
            "a": 1.0,
            "b": 0.11760000139474869,
            "g": 0.18039999902248383,
            "r": 0.4235000014305115
        },
        "specular_color": {
            "a": 1.0,
            "b": 1.0,
            "g": 1.0,
            "r": 1.0
        }
    },
    "type": "material"
}
