{
    "body": {
        "ambient_color": {
            "a": 1.0,
            "b": 0.0,
            "g": 0.0,
            "r": 0.0
        },
        "diffuse_color": {
            "a": 1.0,
            "b": 0.31369999051094055,
            "g": 0.3528999984264374,
            "r": 0.40389999747276306
        },
        "specular_color": {
            "a": 1.0,
            "b": 1.0,
            "g": 1.0,
            "r": 1.0
        }
    },
    "type": "material"
}
