{
    "body": {
        "ambient_color": {
            "a": 1.0,
            "b": 0.0,
            "g": 0.0,
            "r": 0.0
        },
        "diffuse_color": {
            "a": 1.0,
            "b": 0.19220000505447388,
            "g": 0.26669999957084656,
            "r": 0.5764999985694885
        },
        "specular_color": {
            "a": 1.0,
            "b": 1.0,
            "g": 1.0,
            "r": 1.0
        }
    },
    "type": "material"
}
