{
    "body": {
        "ambient_color": {
            "a": 1.0,
            "b": 0.0,
            "g": 0.0,
            "r": 0.0
        },
        "diffuse_color": {
            "a": 1.0,
            "b": 0.42750000953674316,
            "g": 0.490200012922287,
            "r": 0.5724999904632568
        },
        "specular_color": {
            "a": 1.0,
            "b": 1.0,
            "g": 1.0,
            "r": 1.0
        }
    },
    "type": "material"
}
